serviceProcessId,machineId,start,end
sp001,rt001,2024-10-09T07:55:55.695Z,2024-10-09T08:55:55.695Z
sp001,rt002,2024-10-09T07:55:55.695Z,2024-10-09T08:55:55.695Z
sp003,rt003,2024-10-09T07:55:55.695Z,2024-10-09T08:55:55.695Z
sp004,rt001,2024-10-09T07:55:55.695Z,2024-10-09T08:55:55.695Z
sp005,rt002,2024-10-09T07:55:55.695Z,2024-10-09T08:55:55.695Z
sp006,rt003,2024-10-09T07:55:55.695Z,2024-10-09T08:55:55.695Z
sp007,rt001,2024-10-09T07:55:55.695Z,2024-10-09T08:55:55.695Z
sp008,rt002,2024-10-09T07:55:55.695Z,2024-10-09T08:55:55.695Z
sp009,rt002,2024-10-09T07:55:55.695Z,2024-10-09T08:55:55.695Z
sp010,rt003,2024-10-09T07:55:55.695Z,2024-10-09T08:55:55.695Z
sp011,rt001,2024-10-09T07:55:55.695Z,2024-10-09T08:55:55.695Z
sp012,rt002,2024-10-09T07:55:55.695Z,2024-10-09T08:55:55.695Z
sp013,rt002,2024-10-09T07:55:55.695Z,2024-10-09T08:55:55.695Z
sp014,rt003,2024-10-09T07:55:55.695Z,2024-10-09T08:55:55.695Z
sp015,rt001,2024-10-09T07:55:55.695Z,2024-10-09T08:55:55.695Z
sp016,rt002,2024-10-09T07:55:55.695Z,2024-10-09T08:55:55.695Z
sp017,rt002,2024-10-09T07:55:55.695Z,2024-10-09T08:55:55.695Z
sp018,rt003,2024-10-09T07:55:55.695Z,2024-10-09T08:55:55.695Z
sp019,rt001,2024-10-09T07:55:55.695Z,2024-10-09T08:55:55.695Z
sp020,rt002,2024-10-09T07:55:55.695Z,2024-10-09T08:55:55.695Z
