serviceProcessId,acceptedOfferId
sp001,of001
sp002,of002
sp003,of003
sp004,of004
sp005,of005
sp006,of006
sp007,of007
sp008,of008
sp009,of009
sp010,of010
sp011,of011
sp012,of012
sp013,of013
sp014,of014
sp015,of015
sp016,of016
sp017,of017
sp018,of018
sp019,of019
sp020,of020
sp021,of021
sp022,of022
sp023,of023
sp024,of024
sp025,of025
sp026,of026
sp027,of027
sp028,of028
sp029,of029
sp030,of030
sp031,of031
sp032,of032
sp033,of033
sp034,of034
sp035,of035
sp036,of036
sp037,of037
sp038,of038
sp039,of039
